{
    "accuracy": 0.9439143374344184,
    "f1_score_weighted": 0.9435854284672467,
    "f1_score_macro": 0.9378888470526716,
    "latency_seconds": 1.8262841701507568
}