{
    "accuracy": 0.8070196968767258,
    "precision_weighted": 0.8109592040324273,
    "recall_weighted": 0.8070196968767258,
    "f1_score_weighted": 0.8056090066080593,
    "precision_macro": 0.8064109715390021,
    "recall_macro": 0.7917022892825899,
    "f1_score_macro": 0.7951219371368903
}