{
    "accuracy": 0.9163624091062498,
    "f1_score_weighted": 0.9152841892552519,
    "f1_score_macro": 0.9065630518615562,
    "latency_seconds": 1.879495620727539
}