{
    "accuracy": 0.8039516475424925,
    "precision_weighted": 0.8114458149942234,
    "recall_weighted": 0.8039516475424925,
    "f1_score_weighted": 0.8024504642983633,
    "precision_macro": 0.804214768353595,
    "recall_macro": 0.7885765088597201,
    "f1_score_macro": 0.7906767953543757
}