{
    "accuracy": 0.7732335163992268,
    "f1_score_weighted": 0.7672744605147638,
    "f1_score_macro": 0.7489501148698321,
    "latency_seconds": 2.1301393508911133
}