{
    "accuracy": 0.8047493403693932,
    "precision": 0.8101651175814656,
    "recall": 0.8047493403693932,
    "f1_score": 0.8034708635312818
}