{
    "accuracy": 0.8982296812198939,
    "f1_score_weighted": 0.8972105815222935,
    "f1_score_macro": 0.8884116731094798,
    "latency_seconds": 1.6297814846038818
}